USE [ETICARET]
GO
SET ANSI_NULLS ON
GO
SET QUOTED_IDENTIFIER ON
GO
CREATE TABLE [dbo].[TBLYORUMLAR](
	[ID] [int] IDENTITY(1,1) NOT NULL,
	[URUN_ID] [int] NULL,
	[UYE_ID] [int] NULL,
	[BASLIK] [nvarchar](250) NULL,
	[MESAJ] [nvarchar](500) NULL,
	[TARIH] [date] NULL,
	[IP] [nvarchar](20) NULL,
	[AKTIF] [smallint] NULL,
 CONSTRAINT [PK_TBLYORUMLAR] PRIMARY KEY CLUSTERED 
(
	[ID] ASC
)WITH (PAD_INDEX  = OFF, STATISTICS_NORECOMPUTE  = OFF, IGNORE_DUP_KEY = OFF, ALLOW_ROW_LOCKS  = ON, ALLOW_PAGE_LOCKS  = ON) ON [PRIMARY]
) ON [PRIMARY]
GO
SET IDENTITY_INSERT [dbo].[TBLYORUMLAR] ON
INSERT [dbo].[TBLYORUMLAR] ([ID], [URUN_ID], [UYE_ID], [BASLIK], [MESAJ], [TARIH], [IP], [AKTIF]) VALUES (1, 3, 1, N'Teþekkürler', N'Konu ile ilgili ilk Trükçe kitabý bizlere temin imkaný saðlayan kodlab a teþekkürler', CAST(0x55350B00 AS Date), N'::1', 1)
INSERT [dbo].[TBLYORUMLAR] ([ID], [URUN_ID], [UYE_ID], [BASLIK], [MESAJ], [TARIH], [IP], [AKTIF]) VALUES (2, 7, 1, N'Beðendim', N'IOS Programlama ile ilgili çok güzel bir kitap.
beðendim', CAST(0x65350B00 AS Date), N'::1', 1)
INSERT [dbo].[TBLYORUMLAR] ([ID], [URUN_ID], [UYE_ID], [BASLIK], [MESAJ], [TARIH], [IP], [AKTIF]) VALUES (5, 5, 0, N'Güzel Kitap', N'gayet baþarýlý bir çalýþma olmuþ teþekkürler', CAST(0x65350B00 AS Date), N'::1', 1)
SET IDENTITY_INSERT [dbo].[TBLYORUMLAR] OFF
SET ANSI_NULLS ON
GO
SET QUOTED_IDENTIFIER ON
GO
SET ANSI_PADDING ON
GO
CREATE TABLE [dbo].[TBLUYELER](
	[ID] [int] IDENTITY(1,1) NOT NULL,
	[ADI] [varchar](150) NULL,
	[SOYADI] [varchar](100) NULL,
	[EMAIL] [varchar](100) NULL,
	[SIFRE] [varchar](50) NULL,
	[DOGUM_TARIHI] [datetime] NULL,
	[CINSIYET] [smallint] NULL,
	[ADRES] [varchar](500) NULL,
	[SEHIR_ID] [int] NULL,
	[CEPTELEFONU] [varchar](15) NULL,
	[EVTELEFONU] [varchar](15) NULL,
	[KULLANICI_TIPI] [smallint] NULL,
	[OLUSMA_ZAMANI] [datetime] NULL,
	[GUID] [varchar](100) NULL,
 CONSTRAINT [PK_TBLUYELER] PRIMARY KEY CLUSTERED 
(
	[ID] ASC
)WITH (PAD_INDEX  = OFF, STATISTICS_NORECOMPUTE  = OFF, IGNORE_DUP_KEY = OFF, ALLOW_ROW_LOCKS  = ON, ALLOW_PAGE_LOCKS  = ON) ON [PRIMARY]
) ON [PRIMARY]
GO
SET ANSI_PADDING OFF
GO
SET IDENTITY_INSERT [dbo].[TBLUYELER] ON
INSERT [dbo].[TBLUYELER] ([ID], [ADI], [SOYADI], [EMAIL], [SIFRE], [DOGUM_TARIHI], [CINSIYET], [ADRES], [SEHIR_ID], [CEPTELEFONU], [EVTELEFONU], [KULLANICI_TIPI], [OLUSMA_ZAMANI], [GUID]) VALUES (1, N'Tahsin', N'Sevinç', N'tahsin.sevinc@hotmail.com', N'202cb962ac59075b964b07152d234b70', CAST(0x00007D3A00000000 AS DateTime), 1, N'Üsküdar', 122, N'000', N'000', 1, CAST(0x00009FB100005860 AS DateTime), N'cd086803-1b90-4fb4-b615-8f64cd5c4d17')
INSERT [dbo].[TBLUYELER] ([ID], [ADI], [SOYADI], [EMAIL], [SIFRE], [DOGUM_TARIHI], [CINSIYET], [ADRES], [SEHIR_ID], [CEPTELEFONU], [EVTELEFONU], [KULLANICI_TIPI], [OLUSMA_ZAMANI], [GUID]) VALUES (2, N'Pakize', N'Sevinç', N'pakize.sevinc@hotmail.com', N'c4ca4238a0b923820dcc509a6f75849b', CAST(0x00007E5400000000 AS DateTime), 2, N'üsküdar', 5, N'05540000000', N'02160000000', 2, CAST(0x00009FB10000A01B AS DateTime), N'a5d36005-abc5-417c-af35-9429a1240a0f')
INSERT [dbo].[TBLUYELER] ([ID], [ADI], [SOYADI], [EMAIL], [SIFRE], [DOGUM_TARIHI], [CINSIYET], [ADRES], [SEHIR_ID], [CEPTELEFONU], [EVTELEFONU], [KULLANICI_TIPI], [OLUSMA_ZAMANI], [GUID]) VALUES (3, N'Emrullah', N'Incearýk', N'eincearik@hotmail.com', N'202cb962ac59075b964b07152d234b70', CAST(0x00007D3A00000000 AS DateTime), 1, N'deneme', 122, N'000', N'000', 2, CAST(0x00009FFA01683FE7 AS DateTime), N'36e8a125-1033-4c91-a746-022ef46f3859')
INSERT [dbo].[TBLUYELER] ([ID], [ADI], [SOYADI], [EMAIL], [SIFRE], [DOGUM_TARIHI], [CINSIYET], [ADRES], [SEHIR_ID], [CEPTELEFONU], [EVTELEFONU], [KULLANICI_TIPI], [OLUSMA_ZAMANI], [GUID]) VALUES (4, N'Volkan', N'Aktaþ', N'vaktas@hotmail.com', N'202cb962ac59075b964b07152d234b70', CAST(0x0000837A00000000 AS DateTime), 1, N'', 106, N'02', N'02', 2, CAST(0x00009FFB00EDF526 AS DateTime), N'3330a9ca-ffca-433c-80a0-5576dd901177')
INSERT [dbo].[TBLUYELER] ([ID], [ADI], [SOYADI], [EMAIL], [SIFRE], [DOGUM_TARIHI], [CINSIYET], [ADRES], [SEHIR_ID], [CEPTELEFONU], [EVTELEFONU], [KULLANICI_TIPI], [OLUSMA_ZAMANI], [GUID]) VALUES (5, N'Uður', N'Geliþken', N'ugelisken@hotmail.com', N'202cb962ac59075b964b07152d234b70', CAST(0x0000837A00000000 AS DateTime), 1, N'', 106, N'02', N'02', 2, CAST(0x00009FFB00EE14C9 AS DateTime), N'2544c476-5345-4e34-a7c4-303e56b26f0b')
SET IDENTITY_INSERT [dbo].[TBLUYELER] OFF
SET ANSI_NULLS ON
GO
SET QUOTED_IDENTIFIER ON
GO
CREATE TABLE [dbo].[TBLUYE_URUNLISTESI](
	[ID] [bigint] IDENTITY(1,1) NOT NULL,
	[UYEID] [int] NULL,
	[URUNID] [int] NULL,
 CONSTRAINT [PK_TBLUYE_URUNLISTESI] PRIMARY KEY CLUSTERED 
(
	[ID] ASC
)WITH (PAD_INDEX  = OFF, STATISTICS_NORECOMPUTE  = OFF, IGNORE_DUP_KEY = OFF, ALLOW_ROW_LOCKS  = ON, ALLOW_PAGE_LOCKS  = ON) ON [PRIMARY]
) ON [PRIMARY]
GO
SET IDENTITY_INSERT [dbo].[TBLUYE_URUNLISTESI] ON
INSERT [dbo].[TBLUYE_URUNLISTESI] ([ID], [UYEID], [URUNID]) VALUES (6, 1, 10)
INSERT [dbo].[TBLUYE_URUNLISTESI] ([ID], [UYEID], [URUNID]) VALUES (7, 1, 3)
INSERT [dbo].[TBLUYE_URUNLISTESI] ([ID], [UYEID], [URUNID]) VALUES (12, 1, 6)
INSERT [dbo].[TBLUYE_URUNLISTESI] ([ID], [UYEID], [URUNID]) VALUES (13, 1, 9)
SET IDENTITY_INSERT [dbo].[TBLUYE_URUNLISTESI] OFF
SET ANSI_NULLS ON
GO
SET QUOTED_IDENTIFIER ON
GO
SET ANSI_PADDING ON
GO
CREATE TABLE [dbo].[TBLURUNLER](
	[ID] [int] IDENTITY(1,1) NOT NULL,
	[KODU] [varchar](20) NULL,
	[MARKA] [smallint] NULL,
	[MODEL] [varchar](150) NULL,
	[KATEGORI] [smallint] NULL,
	[FIYATI] [decimal](18, 2) NULL,
	[PARABIRIMI] [smallint] NULL,
	[KAMPANYALI] [smallint] NULL,
	[ACIKLAMA] [text] NULL,
	[SLIDER] [smallint] NULL,
	[INDIRIM] [smallint] NULL,
	[INDIRIMLI_FIYAT] [decimal](18, 2) NULL,
	[AKTIF] [smallint] NULL,
 CONSTRAINT [PK_TBLURUNLER] PRIMARY KEY CLUSTERED 
(
	[ID] ASC
)WITH (PAD_INDEX  = OFF, STATISTICS_NORECOMPUTE  = OFF, IGNORE_DUP_KEY = OFF, ALLOW_ROW_LOCKS  = ON, ALLOW_PAGE_LOCKS  = ON) ON [PRIMARY]
) ON [PRIMARY] TEXTIMAGE_ON [PRIMARY]
GO
SET ANSI_PADDING OFF
GO
SET IDENTITY_INSERT [dbo].[TBLURUNLER] ON
INSERT [dbo].[TBLURUNLER] ([ID], [KODU], [MARKA], [MODEL], [KATEGORI], [FIYATI], [PARABIRIMI], [KAMPANYALI], [ACIKLAMA], [SLIDER], [INDIRIM], [INDIRIMLI_FIYAT], [AKTIF]) VALUES (3, N'MVC3', 3, N'MVC 3 Razor', 22, CAST(30.00 AS Decimal(18, 2)), 949, 1, N'CD Hediyeli', 0, 1, CAST(25.00 AS Decimal(18, 2)), 1)
INSERT [dbo].[TBLURUNLER] ([ID], [KODU], [MARKA], [MODEL], [KATEGORI], [FIYATI], [PARABIRIMI], [KAMPANYALI], [ACIKLAMA], [SLIDER], [INDIRIM], [INDIRIMLI_FIYAT], [AKTIF]) VALUES (4, N'WP2012', 3, N'WordPress 2012', 22, CAST(25.00 AS Decimal(18, 2)), 949, 0, N'', 1, 0, CAST(0.00 AS Decimal(18, 2)), 1)
INSERT [dbo].[TBLURUNLER] ([ID], [KODU], [MARKA], [MODEL], [KATEGORI], [FIYATI], [PARABIRIMI], [KAMPANYALI], [ACIKLAMA], [SLIDER], [INDIRIM], [INDIRIMLI_FIYAT], [AKTIF]) VALUES (5, N'CAD12', 3, N'Corel Draw 2012', 18, CAST(20.00 AS Decimal(18, 2)), 949, 1, N'CD Hediyeli', 0, 0, CAST(0.00 AS Decimal(18, 2)), 1)
INSERT [dbo].[TBLURUNLER] ([ID], [KODU], [MARKA], [MODEL], [KATEGORI], [FIYATI], [PARABIRIMI], [KAMPANYALI], [ACIKLAMA], [SLIDER], [INDIRIM], [INDIRIMLI_FIYAT], [AKTIF]) VALUES (6, N'CS40', 5, N'C# 4.0', 19, CAST(27.00 AS Decimal(18, 2)), 949, 0, N'', 0, 1, CAST(22.00 AS Decimal(18, 2)), 1)
INSERT [dbo].[TBLURUNLER] ([ID], [KODU], [MARKA], [MODEL], [KATEGORI], [FIYATI], [PARABIRIMI], [KAMPANYALI], [ACIKLAMA], [SLIDER], [INDIRIM], [INDIRIMLI_FIYAT], [AKTIF]) VALUES (7, N'IOS', 3, N'IOS Programlamaya Giriþ', 23, CAST(30.00 AS Decimal(18, 2)), 840, 0, N'', 1, 0, CAST(0.00 AS Decimal(18, 2)), 1)
INSERT [dbo].[TBLURUNLER] ([ID], [KODU], [MARKA], [MODEL], [KATEGORI], [FIYATI], [PARABIRIMI], [KAMPANYALI], [ACIKLAMA], [SLIDER], [INDIRIM], [INDIRIMLI_FIYAT], [AKTIF]) VALUES (8, N'CPP', 4, N'Ýnteraktif C++', 19, CAST(45.00 AS Decimal(18, 2)), 840, 1, N'CD Hediyeli', 1, 1, CAST(35.00 AS Decimal(18, 2)), 1)
INSERT [dbo].[TBLURUNLER] ([ID], [KODU], [MARKA], [MODEL], [KATEGORI], [FIYATI], [PARABIRIMI], [KAMPANYALI], [ACIKLAMA], [SLIDER], [INDIRIM], [INDIRIMLI_FIYAT], [AKTIF]) VALUES (9, N'PS CS5', 3, N'Photoshop CS5', 18, CAST(28.00 AS Decimal(18, 2)), 949, 0, N'', 1, 0, CAST(0.00 AS Decimal(18, 2)), 1)
INSERT [dbo].[TBLURUNLER] ([ID], [KODU], [MARKA], [MODEL], [KATEGORI], [FIYATI], [PARABIRIMI], [KAMPANYALI], [ACIKLAMA], [SLIDER], [INDIRIM], [INDIRIMLI_FIYAT], [AKTIF]) VALUES (10, N'SQL', 3, N'SQLSERVER', 21, CAST(40.00 AS Decimal(18, 2)), 949, 0, N'', 0, 0, CAST(0.00 AS Decimal(18, 2)), 1)
INSERT [dbo].[TBLURUNLER] ([ID], [KODU], [MARKA], [MODEL], [KATEGORI], [FIYATI], [PARABIRIMI], [KAMPANYALI], [ACIKLAMA], [SLIDER], [INDIRIM], [INDIRIMLI_FIYAT], [AKTIF]) VALUES (11, N'Oracle', 5, N'Oracle', 21, CAST(65.00 AS Decimal(18, 2)), 949, 0, N'', 0, 1, CAST(50.00 AS Decimal(18, 2)), 1)
INSERT [dbo].[TBLURUNLER] ([ID], [KODU], [MARKA], [MODEL], [KATEGORI], [FIYATI], [PARABIRIMI], [KAMPANYALI], [ACIKLAMA], [SLIDER], [INDIRIM], [INDIRIMLI_FIYAT], [AKTIF]) VALUES (12, N'HI', 3, N'Hacker Interface', 20, CAST(22.00 AS Decimal(18, 2)), 949, 1, N'', 0, 1, CAST(15.00 AS Decimal(18, 2)), 1)
INSERT [dbo].[TBLURUNLER] ([ID], [KODU], [MARKA], [MODEL], [KATEGORI], [FIYATI], [PARABIRIMI], [KAMPANYALI], [ACIKLAMA], [SLIDER], [INDIRIM], [INDIRIMLI_FIYAT], [AKTIF]) VALUES (13, N'deneme', 3, N'Ofis 2010', 26, CAST(23.40 AS Decimal(18, 2)), 949, 0, N'', 0, 0, CAST(0.00 AS Decimal(18, 2)), 1)
SET IDENTITY_INSERT [dbo].[TBLURUNLER] OFF
SET ANSI_NULLS ON
GO
SET QUOTED_IDENTIFIER ON
GO
CREATE TABLE [dbo].[TBLURUN_RESIMLERI](
	[ID] [int] IDENTITY(1,1) NOT NULL,
	[URUNID] [int] NULL,
	[RESIMADI] [nvarchar](50) NULL,
	[ANARESIM] [smallint] NULL,
	[SLIDERRESIM] [smallint] NULL,
 CONSTRAINT [PK_TBLURUN_RESIMLERI] PRIMARY KEY CLUSTERED 
(
	[ID] ASC
)WITH (PAD_INDEX  = OFF, STATISTICS_NORECOMPUTE  = OFF, IGNORE_DUP_KEY = OFF, ALLOW_ROW_LOCKS  = ON, ALLOW_PAGE_LOCKS  = ON) ON [PRIMARY]
) ON [PRIMARY]
GO
SET IDENTITY_INSERT [dbo].[TBLURUN_RESIMLERI] ON
INSERT [dbo].[TBLURUN_RESIMLERI] ([ID], [URUNID], [RESIMADI], [ANARESIM], [SLIDERRESIM]) VALUES (5, 3, N'333.jpg.png', 1, 0)
INSERT [dbo].[TBLURUN_RESIMLERI] ([ID], [URUNID], [RESIMADI], [ANARESIM], [SLIDERRESIM]) VALUES (6, 4, N'wpSlider.PNG', 0, 1)
INSERT [dbo].[TBLURUN_RESIMLERI] ([ID], [URUNID], [RESIMADI], [ANARESIM], [SLIDERRESIM]) VALUES (7, 5, N'350.jpg.png', 1, 0)
INSERT [dbo].[TBLURUN_RESIMLERI] ([ID], [URUNID], [RESIMADI], [ANARESIM], [SLIDERRESIM]) VALUES (8, 4, N'416.jpg.png', 1, 0)
INSERT [dbo].[TBLURUN_RESIMLERI] ([ID], [URUNID], [RESIMADI], [ANARESIM], [SLIDERRESIM]) VALUES (9, 6, N'297.jpg.png', 1, 0)
INSERT [dbo].[TBLURUN_RESIMLERI] ([ID], [URUNID], [RESIMADI], [ANARESIM], [SLIDERRESIM]) VALUES (10, 7, N'344.jpg', 1, 0)
INSERT [dbo].[TBLURUN_RESIMLERI] ([ID], [URUNID], [RESIMADI], [ANARESIM], [SLIDERRESIM]) VALUES (13, 7, N'344.jpg.png', 0, 0)
INSERT [dbo].[TBLURUN_RESIMLERI] ([ID], [URUNID], [RESIMADI], [ANARESIM], [SLIDERRESIM]) VALUES (14, 7, N'iosslider.PNG', 0, 1)
INSERT [dbo].[TBLURUN_RESIMLERI] ([ID], [URUNID], [RESIMADI], [ANARESIM], [SLIDERRESIM]) VALUES (15, 8, N'434.jpg.png', 1, 0)
INSERT [dbo].[TBLURUN_RESIMLERI] ([ID], [URUNID], [RESIMADI], [ANARESIM], [SLIDERRESIM]) VALUES (16, 8, N'cppslider.PNG', 0, 1)
INSERT [dbo].[TBLURUN_RESIMLERI] ([ID], [URUNID], [RESIMADI], [ANARESIM], [SLIDERRESIM]) VALUES (17, 9, N'psslidr.PNG', 0, 1)
INSERT [dbo].[TBLURUN_RESIMLERI] ([ID], [URUNID], [RESIMADI], [ANARESIM], [SLIDERRESIM]) VALUES (18, 9, N'327.jpg.png', 1, 0)
INSERT [dbo].[TBLURUN_RESIMLERI] ([ID], [URUNID], [RESIMADI], [ANARESIM], [SLIDERRESIM]) VALUES (19, 10, N'316.jpg.png', 1, 0)
INSERT [dbo].[TBLURUN_RESIMLERI] ([ID], [URUNID], [RESIMADI], [ANARESIM], [SLIDERRESIM]) VALUES (20, 11, N'331.jpg.png', 1, 0)
INSERT [dbo].[TBLURUN_RESIMLERI] ([ID], [URUNID], [RESIMADI], [ANARESIM], [SLIDERRESIM]) VALUES (21, 12, N'349.jpg.png', 1, 0)
INSERT [dbo].[TBLURUN_RESIMLERI] ([ID], [URUNID], [RESIMADI], [ANARESIM], [SLIDERRESIM]) VALUES (22, 13, N'350.jpg.png', 1, 0)
SET IDENTITY_INSERT [dbo].[TBLURUN_RESIMLERI] OFF
SET ANSI_NULLS ON
GO
SET QUOTED_IDENTIFIER ON
GO
CREATE TABLE [dbo].[TBLURUN_OZELLIKLERI](
	[ID] [int] IDENTITY(1,1) NOT NULL,
	[URUNID] [int] NULL,
	[OZELLIKID] [int] NULL,
	[DEGER] [nvarchar](250) NULL,
 CONSTRAINT [PK_TBLURUN_OZELLIKLERI] PRIMARY KEY CLUSTERED 
(
	[ID] ASC
)WITH (PAD_INDEX  = OFF, STATISTICS_NORECOMPUTE  = OFF, IGNORE_DUP_KEY = OFF, ALLOW_ROW_LOCKS  = ON, ALLOW_PAGE_LOCKS  = ON) ON [PRIMARY]
) ON [PRIMARY]
GO
SET IDENTITY_INSERT [dbo].[TBLURUN_OZELLIKLERI] ON
INSERT [dbo].[TBLURUN_OZELLIKLERI] ([ID], [URUNID], [OZELLIKID], [DEGER]) VALUES (3, 3, 4, N'15 x 21')
INSERT [dbo].[TBLURUN_OZELLIKLERI] ([ID], [URUNID], [OZELLIKID], [DEGER]) VALUES (4, 3, 5, N'978.605.4205.653')
INSERT [dbo].[TBLURUN_OZELLIKLERI] ([ID], [URUNID], [OZELLIKID], [DEGER]) VALUES (5, 3, 3, N'344')
INSERT [dbo].[TBLURUN_OZELLIKLERI] ([ID], [URUNID], [OZELLIKID], [DEGER]) VALUES (6, 3, 2, N'Volkan Aktaþ-Tahsin Sevinç')
INSERT [dbo].[TBLURUN_OZELLIKLERI] ([ID], [URUNID], [OZELLIKID], [DEGER]) VALUES (7, 5, 4, N'25*45')
INSERT [dbo].[TBLURUN_OZELLIKLERI] ([ID], [URUNID], [OZELLIKID], [DEGER]) VALUES (8, 5, 5, N'010102')
INSERT [dbo].[TBLURUN_OZELLIKLERI] ([ID], [URUNID], [OZELLIKID], [DEGER]) VALUES (9, 5, 2, N'Emrullah Incearýk')
INSERT [dbo].[TBLURUN_OZELLIKLERI] ([ID], [URUNID], [OZELLIKID], [DEGER]) VALUES (10, 6, 4, N'22 x 25')
INSERT [dbo].[TBLURUN_OZELLIKLERI] ([ID], [URUNID], [OZELLIKID], [DEGER]) VALUES (12, 6, 3, N'315')
INSERT [dbo].[TBLURUN_OZELLIKLERI] ([ID], [URUNID], [OZELLIKID], [DEGER]) VALUES (13, 6, 2, N'Volkan Aktaþ')
INSERT [dbo].[TBLURUN_OZELLIKLERI] ([ID], [URUNID], [OZELLIKID], [DEGER]) VALUES (14, 6, 5, N'2598746325')
INSERT [dbo].[TBLURUN_OZELLIKLERI] ([ID], [URUNID], [OZELLIKID], [DEGER]) VALUES (15, 7, 4, N'34')
INSERT [dbo].[TBLURUN_OZELLIKLERI] ([ID], [URUNID], [OZELLIKID], [DEGER]) VALUES (16, 7, 3, N'345')
INSERT [dbo].[TBLURUN_OZELLIKLERI] ([ID], [URUNID], [OZELLIKID], [DEGER]) VALUES (17, 7, 2, N'Þükrü Ýlker BIRAKOÐLU')
INSERT [dbo].[TBLURUN_OZELLIKLERI] ([ID], [URUNID], [OZELLIKID], [DEGER]) VALUES (18, 8, 4, N'50')
INSERT [dbo].[TBLURUN_OZELLIKLERI] ([ID], [URUNID], [OZELLIKID], [DEGER]) VALUES (19, 8, 5, N'32596874')
INSERT [dbo].[TBLURUN_OZELLIKLERI] ([ID], [URUNID], [OZELLIKID], [DEGER]) VALUES (20, 8, 3, N'230')
INSERT [dbo].[TBLURUN_OZELLIKLERI] ([ID], [URUNID], [OZELLIKID], [DEGER]) VALUES (21, 8, 2, N'Muhammed Mastar')
INSERT [dbo].[TBLURUN_OZELLIKLERI] ([ID], [URUNID], [OZELLIKID], [DEGER]) VALUES (22, 8, 2, N'Süha Eriþ')
INSERT [dbo].[TBLURUN_OZELLIKLERI] ([ID], [URUNID], [OZELLIKID], [DEGER]) VALUES (23, 9, 4, N'30 x 25')
INSERT [dbo].[TBLURUN_OZELLIKLERI] ([ID], [URUNID], [OZELLIKID], [DEGER]) VALUES (24, 9, 2, N'Özge Mardi Bayar')
INSERT [dbo].[TBLURUN_OZELLIKLERI] ([ID], [URUNID], [OZELLIKID], [DEGER]) VALUES (25, 10, 4, N'40 x 20')
INSERT [dbo].[TBLURUN_OZELLIKLERI] ([ID], [URUNID], [OZELLIKID], [DEGER]) VALUES (26, 10, 5, N'569234')
INSERT [dbo].[TBLURUN_OZELLIKLERI] ([ID], [URUNID], [OZELLIKID], [DEGER]) VALUES (27, 10, 3, N'350')
INSERT [dbo].[TBLURUN_OZELLIKLERI] ([ID], [URUNID], [OZELLIKID], [DEGER]) VALUES (28, 10, 2, N'Selçuk ÖZDEMÝR')
INSERT [dbo].[TBLURUN_OZELLIKLERI] ([ID], [URUNID], [OZELLIKID], [DEGER]) VALUES (29, 11, 4, N'30 x 25')
INSERT [dbo].[TBLURUN_OZELLIKLERI] ([ID], [URUNID], [OZELLIKID], [DEGER]) VALUES (30, 11, 3, N'365')
INSERT [dbo].[TBLURUN_OZELLIKLERI] ([ID], [URUNID], [OZELLIKID], [DEGER]) VALUES (31, 9, 3, N'320')
SET IDENTITY_INSERT [dbo].[TBLURUN_OZELLIKLERI] OFF
SET ANSI_NULLS ON
GO
SET QUOTED_IDENTIFIER ON
GO
CREATE TABLE [dbo].[TBLURUN_OZELLIK_TANIMLARI](
	[ID] [int] IDENTITY(1,1) NOT NULL,
	[OZELLIK_ADI] [nvarchar](150) NULL,
	[BIRIMI] [nvarchar](50) NULL,
 CONSTRAINT [PK_TBLURUN_OZELLIK_TANIMLARI] PRIMARY KEY CLUSTERED 
(
	[ID] ASC
)WITH (PAD_INDEX  = OFF, STATISTICS_NORECOMPUTE  = OFF, IGNORE_DUP_KEY = OFF, ALLOW_ROW_LOCKS  = ON, ALLOW_PAGE_LOCKS  = ON) ON [PRIMARY]
) ON [PRIMARY]
GO
SET IDENTITY_INSERT [dbo].[TBLURUN_OZELLIK_TANIMLARI] ON
INSERT [dbo].[TBLURUN_OZELLIK_TANIMLARI] ([ID], [OZELLIK_ADI], [BIRIMI]) VALUES (1, N'Ýþlemci', N'GHz')
INSERT [dbo].[TBLURUN_OZELLIK_TANIMLARI] ([ID], [OZELLIK_ADI], [BIRIMI]) VALUES (2, N'Yazar', N'')
INSERT [dbo].[TBLURUN_OZELLIK_TANIMLARI] ([ID], [OZELLIK_ADI], [BIRIMI]) VALUES (3, N'Sayfa Sayýsý', N'')
INSERT [dbo].[TBLURUN_OZELLIK_TANIMLARI] ([ID], [OZELLIK_ADI], [BIRIMI]) VALUES (4, N'Boyut', N'cm')
INSERT [dbo].[TBLURUN_OZELLIK_TANIMLARI] ([ID], [OZELLIK_ADI], [BIRIMI]) VALUES (5, N'ISBN', N'')
SET IDENTITY_INSERT [dbo].[TBLURUN_OZELLIK_TANIMLARI] OFF
SET ANSI_NULLS ON
GO
SET QUOTED_IDENTIFIER ON
GO
CREATE TABLE [dbo].[TBLURUN_GRUPLARI](
	[ID] [int] IDENTITY(1,1) NOT NULL,
	[URUNID] [int] NULL,
	[GRUPID] [int] NULL,
 CONSTRAINT [PK_TBLURUN_GRUPLARI] PRIMARY KEY CLUSTERED 
(
	[ID] ASC
)WITH (PAD_INDEX  = OFF, STATISTICS_NORECOMPUTE  = OFF, IGNORE_DUP_KEY = OFF, ALLOW_ROW_LOCKS  = ON, ALLOW_PAGE_LOCKS  = ON) ON [PRIMARY]
) ON [PRIMARY]
GO
SET IDENTITY_INSERT [dbo].[TBLURUN_GRUPLARI] ON
INSERT [dbo].[TBLURUN_GRUPLARI] ([ID], [URUNID], [GRUPID]) VALUES (3, 3, 1)
INSERT [dbo].[TBLURUN_GRUPLARI] ([ID], [URUNID], [GRUPID]) VALUES (4, 5, 1)
INSERT [dbo].[TBLURUN_GRUPLARI] ([ID], [URUNID], [GRUPID]) VALUES (5, 4, 2)
INSERT [dbo].[TBLURUN_GRUPLARI] ([ID], [URUNID], [GRUPID]) VALUES (6, 7, 3)
INSERT [dbo].[TBLURUN_GRUPLARI] ([ID], [URUNID], [GRUPID]) VALUES (7, 7, 1)
INSERT [dbo].[TBLURUN_GRUPLARI] ([ID], [URUNID], [GRUPID]) VALUES (9, 9, 2)
INSERT [dbo].[TBLURUN_GRUPLARI] ([ID], [URUNID], [GRUPID]) VALUES (10, 10, 1)
INSERT [dbo].[TBLURUN_GRUPLARI] ([ID], [URUNID], [GRUPID]) VALUES (11, 8, 2)
INSERT [dbo].[TBLURUN_GRUPLARI] ([ID], [URUNID], [GRUPID]) VALUES (12, 13, 2)
SET IDENTITY_INSERT [dbo].[TBLURUN_GRUPLARI] OFF
SET ANSI_NULLS ON
GO
SET QUOTED_IDENTIFIER ON
GO
SET ANSI_PADDING ON
GO
CREATE TABLE [dbo].[TBLURUN_GRUP_TANIMLARI](
	[ID] [int] IDENTITY(1,1) NOT NULL,
	[GRUP_ADI] [varchar](150) NULL,
	[ACIKLAMA] [ntext] NULL,
	[GRUP_TIPI] [smallint] NULL,
 CONSTRAINT [PK_TBLURUN_GRUP_TANIMLARI] PRIMARY KEY CLUSTERED 
(
	[ID] ASC
)WITH (PAD_INDEX  = OFF, STATISTICS_NORECOMPUTE  = OFF, IGNORE_DUP_KEY = OFF, ALLOW_ROW_LOCKS  = ON, ALLOW_PAGE_LOCKS  = ON) ON [PRIMARY]
) ON [PRIMARY] TEXTIMAGE_ON [PRIMARY]
GO
SET ANSI_PADDING OFF
GO
SET IDENTITY_INSERT [dbo].[TBLURUN_GRUP_TANIMLARI] ON
INSERT [dbo].[TBLURUN_GRUP_TANIMLARI] ([ID], [GRUP_ADI], [ACIKLAMA], [GRUP_TIPI]) VALUES (1, N'Yeni Ürün', N'Yeni Ürünlerimiz.', 1)
INSERT [dbo].[TBLURUN_GRUP_TANIMLARI] ([ID], [GRUP_ADI], [ACIKLAMA], [GRUP_TIPI]) VALUES (2, N'Gelecek Ürünler', N'Yakýnda Gelecek Ürünler', 2)
INSERT [dbo].[TBLURUN_GRUP_TANIMLARI] ([ID], [GRUP_ADI], [ACIKLAMA], [GRUP_TIPI]) VALUES (3, N'Dolar 1,5 Sabit Kur ', N'1,50', 3)
SET IDENTITY_INSERT [dbo].[TBLURUN_GRUP_TANIMLARI] OFF
SET ANSI_NULLS ON
GO
SET QUOTED_IDENTIFIER ON
GO
CREATE TABLE [dbo].[TBLTAKSITLER](
	[ID] [int] IDENTITY(1,1) NOT NULL,
	[BANKA_ID] [int] NULL,
	[TAKSIT] [int] NULL,
	[ORAN] [decimal](6, 2) NULL,
 CONSTRAINT [PK_TBLTAKSITLER] PRIMARY KEY CLUSTERED 
(
	[ID] ASC
)WITH (PAD_INDEX  = OFF, STATISTICS_NORECOMPUTE  = OFF, IGNORE_DUP_KEY = OFF, ALLOW_ROW_LOCKS  = ON, ALLOW_PAGE_LOCKS  = ON) ON [PRIMARY]
) ON [PRIMARY]
GO
SET IDENTITY_INSERT [dbo].[TBLTAKSITLER] ON
INSERT [dbo].[TBLTAKSITLER] ([ID], [BANKA_ID], [TAKSIT], [ORAN]) VALUES (1, 1, 2, CAST(5.00 AS Decimal(6, 2)))
INSERT [dbo].[TBLTAKSITLER] ([ID], [BANKA_ID], [TAKSIT], [ORAN]) VALUES (2, 1, 4, CAST(10.00 AS Decimal(6, 2)))
INSERT [dbo].[TBLTAKSITLER] ([ID], [BANKA_ID], [TAKSIT], [ORAN]) VALUES (3, 1, 6, CAST(16.00 AS Decimal(6, 2)))
INSERT [dbo].[TBLTAKSITLER] ([ID], [BANKA_ID], [TAKSIT], [ORAN]) VALUES (4, 1, 8, CAST(18.00 AS Decimal(6, 2)))
INSERT [dbo].[TBLTAKSITLER] ([ID], [BANKA_ID], [TAKSIT], [ORAN]) VALUES (5, 1, 9, CAST(20.00 AS Decimal(6, 2)))
INSERT [dbo].[TBLTAKSITLER] ([ID], [BANKA_ID], [TAKSIT], [ORAN]) VALUES (6, 1, 10, CAST(25.00 AS Decimal(6, 2)))
INSERT [dbo].[TBLTAKSITLER] ([ID], [BANKA_ID], [TAKSIT], [ORAN]) VALUES (7, 1, 12, CAST(30.00 AS Decimal(6, 2)))
INSERT [dbo].[TBLTAKSITLER] ([ID], [BANKA_ID], [TAKSIT], [ORAN]) VALUES (8, 1, 14, CAST(45.00 AS Decimal(6, 2)))
INSERT [dbo].[TBLTAKSITLER] ([ID], [BANKA_ID], [TAKSIT], [ORAN]) VALUES (9, 1, 16, CAST(50.20 AS Decimal(6, 2)))
INSERT [dbo].[TBLTAKSITLER] ([ID], [BANKA_ID], [TAKSIT], [ORAN]) VALUES (10, 1, 18, CAST(75.00 AS Decimal(6, 2)))
INSERT [dbo].[TBLTAKSITLER] ([ID], [BANKA_ID], [TAKSIT], [ORAN]) VALUES (11, 1, 24, CAST(120.00 AS Decimal(6, 2)))
INSERT [dbo].[TBLTAKSITLER] ([ID], [BANKA_ID], [TAKSIT], [ORAN]) VALUES (12, 2, 2, CAST(5.00 AS Decimal(6, 2)))
INSERT [dbo].[TBLTAKSITLER] ([ID], [BANKA_ID], [TAKSIT], [ORAN]) VALUES (13, 2, 3, CAST(8.00 AS Decimal(6, 2)))
INSERT [dbo].[TBLTAKSITLER] ([ID], [BANKA_ID], [TAKSIT], [ORAN]) VALUES (14, 2, 4, CAST(10.00 AS Decimal(6, 2)))
INSERT [dbo].[TBLTAKSITLER] ([ID], [BANKA_ID], [TAKSIT], [ORAN]) VALUES (15, 2, 5, CAST(15.00 AS Decimal(6, 2)))
INSERT [dbo].[TBLTAKSITLER] ([ID], [BANKA_ID], [TAKSIT], [ORAN]) VALUES (16, 2, 6, CAST(18.00 AS Decimal(6, 2)))
INSERT [dbo].[TBLTAKSITLER] ([ID], [BANKA_ID], [TAKSIT], [ORAN]) VALUES (17, 2, 7, CAST(20.00 AS Decimal(6, 2)))
SET IDENTITY_INSERT [dbo].[TBLTAKSITLER] OFF
SET ANSI_NULLS ON
GO
SET QUOTED_IDENTIFIER ON
GO
CREATE TABLE [dbo].[TBLSTOKISLEMLERI](
	[ID] [bigint] IDENTITY(1,1) NOT NULL,
	[URUNID] [int] NULL,
	[MIKTAR] [decimal](18, 3) NULL,
	[ISLEMTIPI] [smallint] NULL,
	[REFERANSID] [bigint] NULL,
	[OLUSMA_ZAMANI] [datetime] NULL,
 CONSTRAINT [PK_TBLSTOKISLEMLERI] PRIMARY KEY CLUSTERED 
(
	[ID] ASC
)WITH (PAD_INDEX  = OFF, STATISTICS_NORECOMPUTE  = OFF, IGNORE_DUP_KEY = OFF, ALLOW_ROW_LOCKS  = ON, ALLOW_PAGE_LOCKS  = ON) ON [PRIMARY]
) ON [PRIMARY]
GO
SET IDENTITY_INSERT [dbo].[TBLSTOKISLEMLERI] ON
INSERT [dbo].[TBLSTOKISLEMLERI] ([ID], [URUNID], [MIKTAR], [ISLEMTIPI], [REFERANSID], [OLUSMA_ZAMANI]) VALUES (1, 3, CAST(10.000 AS Decimal(18, 3)), 1, 0, CAST(0x00009FFA017AD435 AS DateTime))
INSERT [dbo].[TBLSTOKISLEMLERI] ([ID], [URUNID], [MIKTAR], [ISLEMTIPI], [REFERANSID], [OLUSMA_ZAMANI]) VALUES (2, 5, CAST(10.000 AS Decimal(18, 3)), 1, 0, CAST(0x00009FFA017AE387 AS DateTime))
INSERT [dbo].[TBLSTOKISLEMLERI] ([ID], [URUNID], [MIKTAR], [ISLEMTIPI], [REFERANSID], [OLUSMA_ZAMANI]) VALUES (3, 5, CAST(1.000 AS Decimal(18, 3)), 2, 10, CAST(0x00009FFA017AECF3 AS DateTime))
INSERT [dbo].[TBLSTOKISLEMLERI] ([ID], [URUNID], [MIKTAR], [ISLEMTIPI], [REFERANSID], [OLUSMA_ZAMANI]) VALUES (4, 3, CAST(1.000 AS Decimal(18, 3)), 2, 10, CAST(0x00009FFA017AECF6 AS DateTime))
INSERT [dbo].[TBLSTOKISLEMLERI] ([ID], [URUNID], [MIKTAR], [ISLEMTIPI], [REFERANSID], [OLUSMA_ZAMANI]) VALUES (5, 5, CAST(1.000 AS Decimal(18, 3)), 2, 11, CAST(0x00009FFA017AF36E AS DateTime))
INSERT [dbo].[TBLSTOKISLEMLERI] ([ID], [URUNID], [MIKTAR], [ISLEMTIPI], [REFERANSID], [OLUSMA_ZAMANI]) VALUES (6, 6, CAST(23.000 AS Decimal(18, 3)), 1, 0, CAST(0x00009FFA017D2E2F AS DateTime))
INSERT [dbo].[TBLSTOKISLEMLERI] ([ID], [URUNID], [MIKTAR], [ISLEMTIPI], [REFERANSID], [OLUSMA_ZAMANI]) VALUES (7, 7, CAST(23.000 AS Decimal(18, 3)), 1, 0, CAST(0x00009FFA017E7B08 AS DateTime))
INSERT [dbo].[TBLSTOKISLEMLERI] ([ID], [URUNID], [MIKTAR], [ISLEMTIPI], [REFERANSID], [OLUSMA_ZAMANI]) VALUES (8, 8, CAST(5.000 AS Decimal(18, 3)), 1, 0, CAST(0x00009FFA01868BED AS DateTime))
INSERT [dbo].[TBLSTOKISLEMLERI] ([ID], [URUNID], [MIKTAR], [ISLEMTIPI], [REFERANSID], [OLUSMA_ZAMANI]) VALUES (9, 8, CAST(12.000 AS Decimal(18, 3)), 1, 0, CAST(0x00009FFA0186907B AS DateTime))
INSERT [dbo].[TBLSTOKISLEMLERI] ([ID], [URUNID], [MIKTAR], [ISLEMTIPI], [REFERANSID], [OLUSMA_ZAMANI]) VALUES (10, 10, CAST(23.000 AS Decimal(18, 3)), 1, 0, CAST(0x00009FFA01888FC1 AS DateTime))
INSERT [dbo].[TBLSTOKISLEMLERI] ([ID], [URUNID], [MIKTAR], [ISLEMTIPI], [REFERANSID], [OLUSMA_ZAMANI]) VALUES (11, 11, CAST(5.000 AS Decimal(18, 3)), 1, 0, CAST(0x00009FFA01893ABA AS DateTime))
INSERT [dbo].[TBLSTOKISLEMLERI] ([ID], [URUNID], [MIKTAR], [ISLEMTIPI], [REFERANSID], [OLUSMA_ZAMANI]) VALUES (12, 5, CAST(1.000 AS Decimal(18, 3)), 2, 12, CAST(0x0000A00A0128999A AS DateTime))
INSERT [dbo].[TBLSTOKISLEMLERI] ([ID], [URUNID], [MIKTAR], [ISLEMTIPI], [REFERANSID], [OLUSMA_ZAMANI]) VALUES (13, 8, CAST(1.000 AS Decimal(18, 3)), 2, 12, CAST(0x0000A00A012899A3 AS DateTime))
INSERT [dbo].[TBLSTOKISLEMLERI] ([ID], [URUNID], [MIKTAR], [ISLEMTIPI], [REFERANSID], [OLUSMA_ZAMANI]) VALUES (14, 8, CAST(1.000 AS Decimal(18, 3)), 2, 14, CAST(0x0000A00C0183BD81 AS DateTime))
INSERT [dbo].[TBLSTOKISLEMLERI] ([ID], [URUNID], [MIKTAR], [ISLEMTIPI], [REFERANSID], [OLUSMA_ZAMANI]) VALUES (15, 9, CAST(10.000 AS Decimal(18, 3)), 1, 0, CAST(0x0000A00C01842782 AS DateTime))
INSERT [dbo].[TBLSTOKISLEMLERI] ([ID], [URUNID], [MIKTAR], [ISLEMTIPI], [REFERANSID], [OLUSMA_ZAMANI]) VALUES (16, 3, CAST(1.000 AS Decimal(18, 3)), 2, 13, CAST(0x0000A00C0188E9AF AS DateTime))
INSERT [dbo].[TBLSTOKISLEMLERI] ([ID], [URUNID], [MIKTAR], [ISLEMTIPI], [REFERANSID], [OLUSMA_ZAMANI]) VALUES (17, 5, CAST(1.000 AS Decimal(18, 3)), 2, 13, CAST(0x0000A00C0188E9BD AS DateTime))
SET IDENTITY_INSERT [dbo].[TBLSTOKISLEMLERI] OFF
SET ANSI_NULLS ON
GO
SET QUOTED_IDENTIFIER ON
GO
CREATE TABLE [dbo].[TBLSIPARISDETAY](
	[ID] [bigint] IDENTITY(1,1) NOT NULL,
	[SIPARISID] [bigint] NULL,
	[URUNID] [int] NULL,
	[MIKTAR] [decimal](18, 3) NULL,
	[TUTAR] [decimal](18, 2) NULL,
 CONSTRAINT [PK_TBLSIPARISDETAY] PRIMARY KEY CLUSTERED 
(
	[ID] ASC
)WITH (PAD_INDEX  = OFF, STATISTICS_NORECOMPUTE  = OFF, IGNORE_DUP_KEY = OFF, ALLOW_ROW_LOCKS  = ON, ALLOW_PAGE_LOCKS  = ON) ON [PRIMARY]
) ON [PRIMARY]
GO
SET IDENTITY_INSERT [dbo].[TBLSIPARISDETAY] ON
INSERT [dbo].[TBLSIPARISDETAY] ([ID], [SIPARISID], [URUNID], [MIKTAR], [TUTAR]) VALUES (5, 10, 5, CAST(1.000 AS Decimal(18, 3)), CAST(20.00 AS Decimal(18, 2)))
INSERT [dbo].[TBLSIPARISDETAY] ([ID], [SIPARISID], [URUNID], [MIKTAR], [TUTAR]) VALUES (6, 10, 3, CAST(1.000 AS Decimal(18, 3)), CAST(25.00 AS Decimal(18, 2)))
INSERT [dbo].[TBLSIPARISDETAY] ([ID], [SIPARISID], [URUNID], [MIKTAR], [TUTAR]) VALUES (7, 11, 5, CAST(1.000 AS Decimal(18, 3)), CAST(20.00 AS Decimal(18, 2)))
INSERT [dbo].[TBLSIPARISDETAY] ([ID], [SIPARISID], [URUNID], [MIKTAR], [TUTAR]) VALUES (8, 12, 5, CAST(1.000 AS Decimal(18, 3)), CAST(20.00 AS Decimal(18, 2)))
INSERT [dbo].[TBLSIPARISDETAY] ([ID], [SIPARISID], [URUNID], [MIKTAR], [TUTAR]) VALUES (9, 12, 8, CAST(1.000 AS Decimal(18, 3)), CAST(61.68 AS Decimal(18, 2)))
INSERT [dbo].[TBLSIPARISDETAY] ([ID], [SIPARISID], [URUNID], [MIKTAR], [TUTAR]) VALUES (10, 13, 3, CAST(1.000 AS Decimal(18, 3)), CAST(25.00 AS Decimal(18, 2)))
INSERT [dbo].[TBLSIPARISDETAY] ([ID], [SIPARISID], [URUNID], [MIKTAR], [TUTAR]) VALUES (11, 13, 5, CAST(1.000 AS Decimal(18, 3)), CAST(20.00 AS Decimal(18, 2)))
INSERT [dbo].[TBLSIPARISDETAY] ([ID], [SIPARISID], [URUNID], [MIKTAR], [TUTAR]) VALUES (12, 14, 8, CAST(1.000 AS Decimal(18, 3)), CAST(62.47 AS Decimal(18, 2)))
INSERT [dbo].[TBLSIPARISDETAY] ([ID], [SIPARISID], [URUNID], [MIKTAR], [TUTAR]) VALUES (13, 15, 10, CAST(1.000 AS Decimal(18, 3)), CAST(40.00 AS Decimal(18, 2)))
INSERT [dbo].[TBLSIPARISDETAY] ([ID], [SIPARISID], [URUNID], [MIKTAR], [TUTAR]) VALUES (14, 15, 3, CAST(1.000 AS Decimal(18, 3)), CAST(25.00 AS Decimal(18, 2)))
SET IDENTITY_INSERT [dbo].[TBLSIPARISDETAY] OFF
SET ANSI_NULLS ON
GO
SET QUOTED_IDENTIFIER ON
GO
CREATE TABLE [dbo].[TBLSIPARIS](
	[ID] [bigint] IDENTITY(1,1) NOT NULL,
	[UYEID] [int] NULL,
	[FATURA_ADI] [nvarchar](150) NULL,
	[FATURA_VERGINO] [nvarchar](50) NULL,
	[TUTAR] [decimal](18, 2) NULL,
	[ADRES] [nvarchar](500) NULL,
	[KARGOID] [smallint] NULL,
	[KARGOKODU] [nvarchar](20) NULL,
	[BANKAID] [int] NULL,
	[SPOSSONUC] [nvarchar](500) NULL,
	[ODEMETIPI] [smallint] NULL,
	[SIPARISDURUMU] [smallint] NULL,
	[OLUSMA_ZAMANI] [datetime] NULL,
	[DEGISTIREN] [int] NULL,
	[DEGISME_ZAMANI] [datetime] NULL,
	[GUID] [nvarchar](50) NULL,
 CONSTRAINT [PK_TBLSIPARIS] PRIMARY KEY CLUSTERED 
(
	[ID] ASC
)WITH (PAD_INDEX  = OFF, STATISTICS_NORECOMPUTE  = OFF, IGNORE_DUP_KEY = OFF, ALLOW_ROW_LOCKS  = ON, ALLOW_PAGE_LOCKS  = ON) ON [PRIMARY]
) ON [PRIMARY]
GO
SET IDENTITY_INSERT [dbo].[TBLSIPARIS] ON
INSERT [dbo].[TBLSIPARIS] ([ID], [UYEID], [FATURA_ADI], [FATURA_VERGINO], [TUTAR], [ADRES], [KARGOID], [KARGOKODU], [BANKAID], [SPOSSONUC], [ODEMETIPI], [SIPARISDURUMU], [OLUSMA_ZAMANI], [DEGISTIREN], [DEGISME_ZAMANI], [GUID]) VALUES (10, 1, N'Tahsin Sevinç', N'', CAST(45.00 AS Decimal(18, 2)), N'üsküdar Ýstanbul', 2, N'JT340987', 0, N'000000', 2, 4, CAST(0x00009FFA0167377B AS DateTime), 0, CAST(0x0000A00A0128672C AS DateTime), N'6f3990ea-3918-44de-bbf7-e6cb84dc4b38')
INSERT [dbo].[TBLSIPARIS] ([ID], [UYEID], [FATURA_ADI], [FATURA_VERGINO], [TUTAR], [ADRES], [KARGOID], [KARGOKODU], [BANKAID], [SPOSSONUC], [ODEMETIPI], [SIPARISDURUMU], [OLUSMA_ZAMANI], [DEGISTIREN], [DEGISME_ZAMANI], [GUID]) VALUES (11, 3, N'CW Harezmi', N'', CAST(20.00 AS Decimal(18, 2)), N'deneme ÝSTANBUL', 0, N'', 0, N'blabla', 4, 4, CAST(0x00009FFA0168795A AS DateTime), 0, CAST(0x00009FFA01767A1A AS DateTime), N'9b98ba3f-50d4-437e-9b75-a144c88ac86d')
INSERT [dbo].[TBLSIPARIS] ([ID], [UYEID], [FATURA_ADI], [FATURA_VERGINO], [TUTAR], [ADRES], [KARGOID], [KARGOKODU], [BANKAID], [SPOSSONUC], [ODEMETIPI], [SIPARISDURUMU], [OLUSMA_ZAMANI], [DEGISTIREN], [DEGISME_ZAMANI], [GUID]) VALUES (12, 1, N'Tahsin Sevinç', N'', CAST(81.68 AS Decimal(18, 2)), N'Üsküdar ÝSTANBUL', 1, N'J3446751', 0, N'0000 GüvenBankasý ücretiniz yatýrýlmýþtýr.', 2, 3, CAST(0x0000A00A01282594 AS DateTime), 0, CAST(0x0000A00A0128969E AS DateTime), N'6b562880-7ca0-44db-81b7-dd4193c21386')
INSERT [dbo].[TBLSIPARIS] ([ID], [UYEID], [FATURA_ADI], [FATURA_VERGINO], [TUTAR], [ADRES], [KARGOID], [KARGOKODU], [BANKAID], [SPOSSONUC], [ODEMETIPI], [SIPARISDURUMU], [OLUSMA_ZAMANI], [DEGISTIREN], [DEGISME_ZAMANI], [GUID]) VALUES (13, 1, N'Tahsin Sevinç', N'', CAST(45.00 AS Decimal(18, 2)), N'Üsküdar ÝSTANBUL', 0, N'', 0, N'Adresim kayýtlarýnýzda mevcuttur. Saat 13-17 arasýnda ofisimde bulunuyorum', 4, 4, CAST(0x0000A00A0129EC3A AS DateTime), 0, CAST(0x0000A00C0188E755 AS DateTime), N'77c48db1-8263-4c81-b02d-895973bde04a')
INSERT [dbo].[TBLSIPARIS] ([ID], [UYEID], [FATURA_ADI], [FATURA_VERGINO], [TUTAR], [ADRES], [KARGOID], [KARGOKODU], [BANKAID], [SPOSSONUC], [ODEMETIPI], [SIPARISDURUMU], [OLUSMA_ZAMANI], [DEGISTIREN], [DEGISME_ZAMANI], [GUID]) VALUES (14, 1, N'Tahsin Sevinç', N'', CAST(62.47 AS Decimal(18, 2)), N'Üsküdar ÝSTANBUL', 1, N'jt34568', 0, N'güven bankasýna havale geçilmiþtir', 2, 2, CAST(0x0000A00C018281EE AS DateTime), 0, CAST(0x0000A00C0183B03E AS DateTime), N'dd9a437c-e662-4442-b183-d780eb7c5c3e')
INSERT [dbo].[TBLSIPARIS] ([ID], [UYEID], [FATURA_ADI], [FATURA_VERGINO], [TUTAR], [ADRES], [KARGOID], [KARGOKODU], [BANKAID], [SPOSSONUC], [ODEMETIPI], [SIPARISDURUMU], [OLUSMA_ZAMANI], [DEGISTIREN], [DEGISME_ZAMANI], [GUID]) VALUES (15, 1, N'Tahsin Sevinç', N'', CAST(65.00 AS Decimal(18, 2)), N'Üsküdar ÝSTANBUL', NULL, NULL, 0, N'-', 4, 2, CAST(0x0000A00C01881ABE AS DateTime), NULL, NULL, N'c629e487-b8d4-4921-a8af-68f309ac2593')
SET IDENTITY_INSERT [dbo].[TBLSIPARIS] OFF
SET ANSI_NULLS ON
GO
SET QUOTED_IDENTIFIER ON
GO
CREATE TABLE [dbo].[TBLSEHIR](
	[ID] [int] IDENTITY(1,1) NOT NULL,
	[KODU] [int] NULL,
	[ADI] [nvarchar](100) NULL,
	[ULKEID] [smallint] NULL,
 CONSTRAINT [PK_TBLSEHIR] PRIMARY KEY CLUSTERED 
(
	[ID] ASC
)WITH (PAD_INDEX  = OFF, STATISTICS_NORECOMPUTE  = OFF, IGNORE_DUP_KEY = OFF, ALLOW_ROW_LOCKS  = ON, ALLOW_PAGE_LOCKS  = ON) ON [PRIMARY]
) ON [PRIMARY]
GO
SET IDENTITY_INSERT [dbo].[TBLSEHIR] ON
INSERT [dbo].[TBLSEHIR] ([ID], [KODU], [ADI], [ULKEID]) VALUES (89, 1, N'ADANA', 1)
INSERT [dbo].[TBLSEHIR] ([ID], [KODU], [ADI], [ULKEID]) VALUES (90, 2, N'ADIYAMAN', 1)
INSERT [dbo].[TBLSEHIR] ([ID], [KODU], [ADI], [ULKEID]) VALUES (91, 3, N'AFYON', 1)
INSERT [dbo].[TBLSEHIR] ([ID], [KODU], [ADI], [ULKEID]) VALUES (92, 4, N'AÐRI', 1)
INSERT [dbo].[TBLSEHIR] ([ID], [KODU], [ADI], [ULKEID]) VALUES (93, 5, N'AMASYA', 1)
INSERT [dbo].[TBLSEHIR] ([ID], [KODU], [ADI], [ULKEID]) VALUES (94, 6, N'ANKARA', 1)
INSERT [dbo].[TBLSEHIR] ([ID], [KODU], [ADI], [ULKEID]) VALUES (95, 7, N'ANTALYA', 1)
INSERT [dbo].[TBLSEHIR] ([ID], [KODU], [ADI], [ULKEID]) VALUES (96, 8, N'ARTVÝN', 1)
INSERT [dbo].[TBLSEHIR] ([ID], [KODU], [ADI], [ULKEID]) VALUES (97, 9, N'AYDIN', 1)
INSERT [dbo].[TBLSEHIR] ([ID], [KODU], [ADI], [ULKEID]) VALUES (98, 10, N'BALIKESÝR', 1)
INSERT [dbo].[TBLSEHIR] ([ID], [KODU], [ADI], [ULKEID]) VALUES (99, 11, N'BÝLECÝK', 1)
INSERT [dbo].[TBLSEHIR] ([ID], [KODU], [ADI], [ULKEID]) VALUES (100, 12, N'BÝNGÖL', 1)
INSERT [dbo].[TBLSEHIR] ([ID], [KODU], [ADI], [ULKEID]) VALUES (101, 13, N'BÝTLÝS', 1)
INSERT [dbo].[TBLSEHIR] ([ID], [KODU], [ADI], [ULKEID]) VALUES (102, 14, N'BOLU', 1)
INSERT [dbo].[TBLSEHIR] ([ID], [KODU], [ADI], [ULKEID]) VALUES (103, 15, N'BURDUR', 1)
INSERT [dbo].[TBLSEHIR] ([ID], [KODU], [ADI], [ULKEID]) VALUES (104, 16, N'BURSA', 1)
INSERT [dbo].[TBLSEHIR] ([ID], [KODU], [ADI], [ULKEID]) VALUES (105, 17, N'ÇANAKKALE', 1)
INSERT [dbo].[TBLSEHIR] ([ID], [KODU], [ADI], [ULKEID]) VALUES (106, 18, N'ÇANKIRI', 1)
INSERT [dbo].[TBLSEHIR] ([ID], [KODU], [ADI], [ULKEID]) VALUES (107, 19, N'ÇORUM', 1)
INSERT [dbo].[TBLSEHIR] ([ID], [KODU], [ADI], [ULKEID]) VALUES (108, 20, N'DENÝZLÝ', 1)
INSERT [dbo].[TBLSEHIR] ([ID], [KODU], [ADI], [ULKEID]) VALUES (109, 21, N'DÝYARBAKIR', 1)
INSERT [dbo].[TBLSEHIR] ([ID], [KODU], [ADI], [ULKEID]) VALUES (110, 22, N'EDÝRNE', 1)
INSERT [dbo].[TBLSEHIR] ([ID], [KODU], [ADI], [ULKEID]) VALUES (111, 23, N'ELAZIÐ', 1)
INSERT [dbo].[TBLSEHIR] ([ID], [KODU], [ADI], [ULKEID]) VALUES (112, 24, N'ERZÝNCAN', 1)
INSERT [dbo].[TBLSEHIR] ([ID], [KODU], [ADI], [ULKEID]) VALUES (113, 25, N'ERZURUM', 1)
INSERT [dbo].[TBLSEHIR] ([ID], [KODU], [ADI], [ULKEID]) VALUES (114, 26, N'ESKÝÞEHÝR', 1)
INSERT [dbo].[TBLSEHIR] ([ID], [KODU], [ADI], [ULKEID]) VALUES (115, 27, N'GAZÝANTEP', 1)
INSERT [dbo].[TBLSEHIR] ([ID], [KODU], [ADI], [ULKEID]) VALUES (116, 28, N'GÝRESUN', 1)
INSERT [dbo].[TBLSEHIR] ([ID], [KODU], [ADI], [ULKEID]) VALUES (117, 29, N'GÜMÜÞHANE', 1)
INSERT [dbo].[TBLSEHIR] ([ID], [KODU], [ADI], [ULKEID]) VALUES (118, 30, N'HAKKARÝ', 1)
INSERT [dbo].[TBLSEHIR] ([ID], [KODU], [ADI], [ULKEID]) VALUES (119, 31, N'HATAY', 1)
INSERT [dbo].[TBLSEHIR] ([ID], [KODU], [ADI], [ULKEID]) VALUES (120, 32, N'ISPARTA', 1)
INSERT [dbo].[TBLSEHIR] ([ID], [KODU], [ADI], [ULKEID]) VALUES (121, 33, N'MERSÝN', 1)
INSERT [dbo].[TBLSEHIR] ([ID], [KODU], [ADI], [ULKEID]) VALUES (122, 34, N'ÝSTANBUL', 1)
INSERT [dbo].[TBLSEHIR] ([ID], [KODU], [ADI], [ULKEID]) VALUES (123, 35, N'ÝZMÝR', 1)
INSERT [dbo].[TBLSEHIR] ([ID], [KODU], [ADI], [ULKEID]) VALUES (124, 36, N'KARS', 1)
INSERT [dbo].[TBLSEHIR] ([ID], [KODU], [ADI], [ULKEID]) VALUES (125, 37, N'KASTAMONU', 1)
INSERT [dbo].[TBLSEHIR] ([ID], [KODU], [ADI], [ULKEID]) VALUES (126, 38, N'KAYSERÝ', 1)
INSERT [dbo].[TBLSEHIR] ([ID], [KODU], [ADI], [ULKEID]) VALUES (127, 39, N'KIRKLARELÝ', 1)
INSERT [dbo].[TBLSEHIR] ([ID], [KODU], [ADI], [ULKEID]) VALUES (128, 40, N'KIRÞEHÝR', 1)
INSERT [dbo].[TBLSEHIR] ([ID], [KODU], [ADI], [ULKEID]) VALUES (129, 41, N'KOCAELÝ', 1)
INSERT [dbo].[TBLSEHIR] ([ID], [KODU], [ADI], [ULKEID]) VALUES (130, 42, N'KONYA', 1)
INSERT [dbo].[TBLSEHIR] ([ID], [KODU], [ADI], [ULKEID]) VALUES (131, 43, N'KÜTAHYA', 1)
INSERT [dbo].[TBLSEHIR] ([ID], [KODU], [ADI], [ULKEID]) VALUES (132, 44, N'MALATYA', 1)
INSERT [dbo].[TBLSEHIR] ([ID], [KODU], [ADI], [ULKEID]) VALUES (133, 45, N'MANÝSA', 1)
INSERT [dbo].[TBLSEHIR] ([ID], [KODU], [ADI], [ULKEID]) VALUES (134, 46, N'KAHRAMANMARAÞ', 1)
INSERT [dbo].[TBLSEHIR] ([ID], [KODU], [ADI], [ULKEID]) VALUES (135, 47, N'MARDÝN', 1)
INSERT [dbo].[TBLSEHIR] ([ID], [KODU], [ADI], [ULKEID]) VALUES (136, 48, N'MUÐLA', 1)
INSERT [dbo].[TBLSEHIR] ([ID], [KODU], [ADI], [ULKEID]) VALUES (137, 49, N'MUÞ', 1)
INSERT [dbo].[TBLSEHIR] ([ID], [KODU], [ADI], [ULKEID]) VALUES (138, 50, N'NEVÞEHÝR', 1)
INSERT [dbo].[TBLSEHIR] ([ID], [KODU], [ADI], [ULKEID]) VALUES (139, 51, N'NÝÐDE', 1)
INSERT [dbo].[TBLSEHIR] ([ID], [KODU], [ADI], [ULKEID]) VALUES (140, 52, N'ORDU', 1)
INSERT [dbo].[TBLSEHIR] ([ID], [KODU], [ADI], [ULKEID]) VALUES (141, 53, N'RÝZE', 1)
INSERT [dbo].[TBLSEHIR] ([ID], [KODU], [ADI], [ULKEID]) VALUES (142, 54, N'SAKARYA', 1)
INSERT [dbo].[TBLSEHIR] ([ID], [KODU], [ADI], [ULKEID]) VALUES (143, 55, N'SAMSUN', 1)
INSERT [dbo].[TBLSEHIR] ([ID], [KODU], [ADI], [ULKEID]) VALUES (144, 56, N'SÝÝRT', 1)
INSERT [dbo].[TBLSEHIR] ([ID], [KODU], [ADI], [ULKEID]) VALUES (145, 57, N'SÝNOP', 1)
INSERT [dbo].[TBLSEHIR] ([ID], [KODU], [ADI], [ULKEID]) VALUES (146, 58, N'SÝVAS', 1)
INSERT [dbo].[TBLSEHIR] ([ID], [KODU], [ADI], [ULKEID]) VALUES (147, 59, N'TEKÝRDAÐ', 1)
INSERT [dbo].[TBLSEHIR] ([ID], [KODU], [ADI], [ULKEID]) VALUES (148, 60, N'TOKAT', 1)
INSERT [dbo].[TBLSEHIR] ([ID], [KODU], [ADI], [ULKEID]) VALUES (149, 61, N'TRABZON', 1)
INSERT [dbo].[TBLSEHIR] ([ID], [KODU], [ADI], [ULKEID]) VALUES (150, 62, N'TUNCELÝ', 1)
INSERT [dbo].[TBLSEHIR] ([ID], [KODU], [ADI], [ULKEID]) VALUES (151, 63, N'ÞANLIURFA', 1)
INSERT [dbo].[TBLSEHIR] ([ID], [KODU], [ADI], [ULKEID]) VALUES (152, 64, N'UÞAK', 1)
INSERT [dbo].[TBLSEHIR] ([ID], [KODU], [ADI], [ULKEID]) VALUES (153, 65, N'VAN', 1)
INSERT [dbo].[TBLSEHIR] ([ID], [KODU], [ADI], [ULKEID]) VALUES (154, 66, N'YOZGAT', 1)
INSERT [dbo].[TBLSEHIR] ([ID], [KODU], [ADI], [ULKEID]) VALUES (155, 67, N'ZONGULDAK', 1)
INSERT [dbo].[TBLSEHIR] ([ID], [KODU], [ADI], [ULKEID]) VALUES (156, 68, N'AKSARAY', 1)
INSERT [dbo].[TBLSEHIR] ([ID], [KODU], [ADI], [ULKEID]) VALUES (157, 69, N'BAYBURT', 1)
INSERT [dbo].[TBLSEHIR] ([ID], [KODU], [ADI], [ULKEID]) VALUES (158, 70, N'KARAMAN', 1)
INSERT [dbo].[TBLSEHIR] ([ID], [KODU], [ADI], [ULKEID]) VALUES (159, 71, N'KIRIKKALE', 1)
INSERT [dbo].[TBLSEHIR] ([ID], [KODU], [ADI], [ULKEID]) VALUES (160, 72, N'BATMAN', 1)
INSERT [dbo].[TBLSEHIR] ([ID], [KODU], [ADI], [ULKEID]) VALUES (161, 73, N'ÞIRNAK', 1)
INSERT [dbo].[TBLSEHIR] ([ID], [KODU], [ADI], [ULKEID]) VALUES (162, 74, N'BARTIN', 1)
INSERT [dbo].[TBLSEHIR] ([ID], [KODU], [ADI], [ULKEID]) VALUES (163, 75, N'ARDAHAN', 1)
INSERT [dbo].[TBLSEHIR] ([ID], [KODU], [ADI], [ULKEID]) VALUES (164, 76, N'IÐDIR', 1)
INSERT [dbo].[TBLSEHIR] ([ID], [KODU], [ADI], [ULKEID]) VALUES (165, 77, N'YALOVA', 1)
INSERT [dbo].[TBLSEHIR] ([ID], [KODU], [ADI], [ULKEID]) VALUES (166, 78, N'KARABÜK', 1)
INSERT [dbo].[TBLSEHIR] ([ID], [KODU], [ADI], [ULKEID]) VALUES (167, 79, N'KÝLÝS', 1)
INSERT [dbo].[TBLSEHIR] ([ID], [KODU], [ADI], [ULKEID]) VALUES (168, 80, N'OSMANÝYE', 1)
INSERT [dbo].[TBLSEHIR] ([ID], [KODU], [ADI], [ULKEID]) VALUES (169, 81, N'DÜZCE', 1)
SET IDENTITY_INSERT [dbo].[TBLSEHIR] OFF
SET ANSI_NULLS ON
GO
SET QUOTED_IDENTIFIER ON
GO
CREATE TABLE [dbo].[TBLRAPOR](
	[ID] [int] IDENTITY(1,1) NOT NULL,
	[AD] [nvarchar](50) NULL,
	[YOL] [nvarchar](50) NULL,
 CONSTRAINT [PK_TBLRAPOR_1] PRIMARY KEY CLUSTERED 
(
	[ID] ASC
)WITH (PAD_INDEX  = OFF, STATISTICS_NORECOMPUTE  = OFF, IGNORE_DUP_KEY = OFF, ALLOW_ROW_LOCKS  = ON, ALLOW_PAGE_LOCKS  = ON) ON [PRIMARY]
) ON [PRIMARY]
GO
SET IDENTITY_INSERT [dbo].[TBLRAPOR] ON
INSERT [dbo].[TBLRAPOR] ([ID], [AD], [YOL]) VALUES (2, N'STOKLISTESI', N'UrunStokListesi.rpt')
SET IDENTITY_INSERT [dbo].[TBLRAPOR] OFF
SET ANSI_NULLS ON
GO
SET QUOTED_IDENTIFIER ON
GO
CREATE TABLE [dbo].[TBLMARKALAR](
	[ID] [int] IDENTITY(1,1) NOT NULL,
	[ADI] [nvarchar](100) NULL,
	[KODU] [nvarchar](50) NULL,
	[LOGO] [nvarchar](150) NULL,
	[ACIKLAMA] [ntext] NULL,
 CONSTRAINT [PK_TBLMARKALAR] PRIMARY KEY CLUSTERED 
(
	[ID] ASC
)WITH (PAD_INDEX  = OFF, STATISTICS_NORECOMPUTE  = OFF, IGNORE_DUP_KEY = OFF, ALLOW_ROW_LOCKS  = ON, ALLOW_PAGE_LOCKS  = ON) ON [PRIMARY]
) ON [PRIMARY] TEXTIMAGE_ON [PRIMARY]
GO
SET IDENTITY_INSERT [dbo].[TBLMARKALAR] ON
INSERT [dbo].[TBLMARKALAR] ([ID], [ADI], [KODU], [LOGO], [ACIKLAMA]) VALUES (3, N'Biliþim Yayýnlarý', N'Biliþim', NULL, N'')
INSERT [dbo].[TBLMARKALAR] ([ID], [ADI], [KODU], [LOGO], [ACIKLAMA]) VALUES (4, N'A Yayýn Evi', N'A', NULL, N'')
INSERT [dbo].[TBLMARKALAR] ([ID], [ADI], [KODU], [LOGO], [ACIKLAMA]) VALUES (5, N'Sevich', N'SV', NULL, N'Sevinch')
SET IDENTITY_INSERT [dbo].[TBLMARKALAR] OFF
SET ANSI_NULLS ON
GO
SET QUOTED_IDENTIFIER ON
GO
CREATE TABLE [dbo].[TBLLOGS](
	[ID] [bigint] IDENTITY(1,1) NOT NULL,
	[KULLANICI_ID] [int] NULL,
	[MESAJ] [ntext] NULL,
	[KAYNAGI] [ntext] NULL,
	[IP] [nvarchar](20) NULL,
	[PAGE] [nvarchar](150) NULL,
	[STACKTRACE] [ntext] NULL,
	[OLUSMA_ZAMANI] [datetime] NULL,
 CONSTRAINT [PK_TBLLOGS] PRIMARY KEY CLUSTERED 
(
	[ID] ASC
)WITH (PAD_INDEX  = OFF, STATISTICS_NORECOMPUTE  = OFF, IGNORE_DUP_KEY = OFF, ALLOW_ROW_LOCKS  = ON, ALLOW_PAGE_LOCKS  = ON) ON [PRIMARY]
) ON [PRIMARY] TEXTIMAGE_ON [PRIMARY]
GO

SET ANSI_NULLS ON
GO
SET QUOTED_IDENTIFIER ON
GO
SET ANSI_PADDING ON
GO
CREATE TABLE [dbo].[TBLKURUM_PARAMETRELERI](
	[ID] [smallint] IDENTITY(1,1) NOT NULL,
	[KURUM_ADI] [varchar](150) NULL,
	[ADRES] [varchar](500) NULL,
	[TELEFON] [varchar](20) NULL,
	[FAX] [varchar](20) NULL,
	[VERGI_DAIRESI] [nvarchar](50) NULL,
	[VERGI_NO] [nvarchar](50) NULL,
	[TIC_SICIL_NO] [nvarchar](50) NULL,
	[SMTP_ADRES] [nvarchar](50) NULL,
	[SMTP_PORT] [int] NULL,
	[MAIL] [nvarchar](50) NULL,
	[MAILSIFRE] [nvarchar](50) NULL,
	[AKTIF] [smallint] NULL,
 CONSTRAINT [PK_TBLKURUM_PARAMETRELERI] PRIMARY KEY CLUSTERED 
(
	[ID] ASC
)WITH (PAD_INDEX  = OFF, STATISTICS_NORECOMPUTE  = OFF, IGNORE_DUP_KEY = OFF, ALLOW_ROW_LOCKS  = ON, ALLOW_PAGE_LOCKS  = ON) ON [PRIMARY]
) ON [PRIMARY]
GO
SET ANSI_PADDING OFF
GO
SET IDENTITY_INSERT [dbo].[TBLKURUM_PARAMETRELERI] ON
INSERT [dbo].[TBLKURUM_PARAMETRELERI] ([ID], [KURUM_ADI], [ADRES], [TELEFON], [FAX], [VERGI_DAIRESI], [VERGI_NO], [TIC_SICIL_NO], [SMTP_ADRES], [SMTP_PORT], [MAIL], [MAILSIFRE], [AKTIF]) VALUES (1, N'KODLAB', N'Alemdar Mah. Yerebatan Cad. Salkým Söðüt Sok. Aða Han No:20 Kat:1 Daire:3 Sultanahmet/Ýstanbul', N'0(212) 514 55 66', N'0(212) 514 66 61', N'0102034', N'1234567', N'1111111', N'smtp.gmail.com ', 587, N'kodlabeticaret@gmail.com', N'', 1)
INSERT [dbo].[TBLKURUM_PARAMETRELERI] ([ID], [KURUM_ADI], [ADRES], [TELEFON], [FAX], [VERGI_DAIRESI], [VERGI_NO], [TIC_SICIL_NO], [SMTP_ADRES], [SMTP_PORT], [MAIL], [MAILSIFRE], [AKTIF]) VALUES (2, N'sevinç holding', N'balýkesir havran', N'02162128900', N'02162128901', N'02162128900', N'02162128900', N'02162128900', N'smtp.google.com', 98, N'aaa@gmail.com', N'21', 0)
SET IDENTITY_INSERT [dbo].[TBLKURUM_PARAMETRELERI] OFF
SET ANSI_NULLS ON
GO
SET QUOTED_IDENTIFIER ON
GO
CREATE TABLE [dbo].[TBLKATEGORILER](
	[ID] [smallint] IDENTITY(1,1) NOT NULL,
	[NODEID] [smallint] NULL,
	[ADI] [nvarchar](100) NULL,
	[SIRANO] [smallint] NULL,
	[KATEGORI_RESMI] [nvarchar](150) NULL,
	[AKTIF] [smallint] NULL,
 CONSTRAINT [PK_TBLKATEGORILER] PRIMARY KEY CLUSTERED 
(
	[ID] ASC
)WITH (PAD_INDEX  = OFF, STATISTICS_NORECOMPUTE  = OFF, IGNORE_DUP_KEY = OFF, ALLOW_ROW_LOCKS  = ON, ALLOW_PAGE_LOCKS  = ON) ON [PRIMARY]
) ON [PRIMARY]
GO
SET IDENTITY_INSERT [dbo].[TBLKATEGORILER] ON
INSERT [dbo].[TBLKATEGORILER] ([ID], [NODEID], [ADI], [SIRANO], [KATEGORI_RESMI], [AKTIF]) VALUES (18, 0, N'Grafik', 2, NULL, 1)
INSERT [dbo].[TBLKATEGORILER] ([ID], [NODEID], [ADI], [SIRANO], [KATEGORI_RESMI], [AKTIF]) VALUES (19, 0, N'Programlama', 1, NULL, 1)
INSERT [dbo].[TBLKATEGORILER] ([ID], [NODEID], [ADI], [SIRANO], [KATEGORI_RESMI], [AKTIF]) VALUES (20, 0, N'Bilgisayar Genel', 5, NULL, 1)
INSERT [dbo].[TBLKATEGORILER] ([ID], [NODEID], [ADI], [SIRANO], [KATEGORI_RESMI], [AKTIF]) VALUES (21, 0, N'Veritabaný', 3, NULL, 1)
INSERT [dbo].[TBLKATEGORILER] ([ID], [NODEID], [ADI], [SIRANO], [KATEGORI_RESMI], [AKTIF]) VALUES (22, 19, N'Web Programlama', 1, NULL, 1)
INSERT [dbo].[TBLKATEGORILER] ([ID], [NODEID], [ADI], [SIRANO], [KATEGORI_RESMI], [AKTIF]) VALUES (23, 19, N'Mobil Programlama', 2, NULL, 1)
INSERT [dbo].[TBLKATEGORILER] ([ID], [NODEID], [ADI], [SIRANO], [KATEGORI_RESMI], [AKTIF]) VALUES (24, 0, N'Donaným', 4, NULL, 1)
INSERT [dbo].[TBLKATEGORILER] ([ID], [NODEID], [ADI], [SIRANO], [KATEGORI_RESMI], [AKTIF]) VALUES (25, 0, N'Elektronik', 6, NULL, 1)
INSERT [dbo].[TBLKATEGORILER] ([ID], [NODEID], [ADI], [SIRANO], [KATEGORI_RESMI], [AKTIF]) VALUES (26, 20, N'Microsoft Ofis', 1, NULL, 1)
INSERT [dbo].[TBLKATEGORILER] ([ID], [NODEID], [ADI], [SIRANO], [KATEGORI_RESMI], [AKTIF]) VALUES (27, 20, N'Ýþletim Sistemleri', 2, NULL, 1)
INSERT [dbo].[TBLKATEGORILER] ([ID], [NODEID], [ADI], [SIRANO], [KATEGORI_RESMI], [AKTIF]) VALUES (28, 19, N'Desktop Programlama', 3, NULL, 1)
INSERT [dbo].[TBLKATEGORILER] ([ID], [NODEID], [ADI], [SIRANO], [KATEGORI_RESMI], [AKTIF]) VALUES (29, 27, N'Linux', 1, NULL, 1)
INSERT [dbo].[TBLKATEGORILER] ([ID], [NODEID], [ADI], [SIRANO], [KATEGORI_RESMI], [AKTIF]) VALUES (30, 27, N'Windows 7', 2, NULL, 1)
SET IDENTITY_INSERT [dbo].[TBLKATEGORILER] OFF
SET ANSI_NULLS ON
GO
SET QUOTED_IDENTIFIER ON
GO
CREATE TABLE [dbo].[TBLKARGOLAR](
	[ID] [smallint] IDENTITY(1,1) NOT NULL,
	[ADI] [nvarchar](100) NULL,
	[TELEFON] [nvarchar](20) NULL,
	[EMAIL] [nvarchar](50) NULL,
	[AKTIF] [smallint] NULL,
 CONSTRAINT [PK_TBLKARGOLAR] PRIMARY KEY CLUSTERED 
(
	[ID] ASC
)WITH (PAD_INDEX  = OFF, STATISTICS_NORECOMPUTE  = OFF, IGNORE_DUP_KEY = OFF, ALLOW_ROW_LOCKS  = ON, ALLOW_PAGE_LOCKS  = ON) ON [PRIMARY]
) ON [PRIMARY]
GO
SET IDENTITY_INSERT [dbo].[TBLKARGOLAR] ON
INSERT [dbo].[TBLKARGOLAR] ([ID], [ADI], [TELEFON], [EMAIL], [AKTIF]) VALUES (1, N'Jet Kargo', N'02124326789', N'info@jetkargo.com', 1)
INSERT [dbo].[TBLKARGOLAR] ([ID], [ADI], [TELEFON], [EMAIL], [AKTIF]) VALUES (2, N'Çabuk Kargo', N'000', N'iletisim@cabukkargo.com', 1)
SET IDENTITY_INSERT [dbo].[TBLKARGOLAR] OFF
SET ANSI_NULLS ON
GO
SET QUOTED_IDENTIFIER ON
GO
CREATE TABLE [dbo].[TBLBILDIRIMLER](
	[ID] [int] IDENTITY(1,1) NOT NULL,
	[ADI_SOYADI] [nvarchar](100) NULL,
	[EMAIL] [nvarchar](50) NULL,
	[BASLIK] [nvarchar](150) NULL,
	[ICERIK] [ntext] NULL,
	[USERIP] [nvarchar](50) NULL,
	[OLUSMA_ZAMANI] [datetime] NULL,
 CONSTRAINT [PK_TBLBILDIRIMLER] PRIMARY KEY CLUSTERED 
(
	[ID] ASC
)WITH (PAD_INDEX  = OFF, STATISTICS_NORECOMPUTE  = OFF, IGNORE_DUP_KEY = OFF, ALLOW_ROW_LOCKS  = ON, ALLOW_PAGE_LOCKS  = ON) ON [PRIMARY]
) ON [PRIMARY] TEXTIMAGE_ON [PRIMARY]
GO
SET IDENTITY_INSERT [dbo].[TBLBILDIRIMLER] ON
INSERT [dbo].[TBLBILDIRIMLER] ([ID], [ADI_SOYADI], [EMAIL], [BASLIK], [ICERIK], [USERIP], [OLUSMA_ZAMANI]) VALUES (1, N'Tahsin Sevinç', N'tahsin.sevinc@hotmail.com', N'Deneme', N'Bu bir deneme bildirimidir. arkadaþlar lütfen ciddiye almayýn :)', N'::1', CAST(0x00009FBD0104FACD AS DateTime))
INSERT [dbo].[TBLBILDIRIMLER] ([ID], [ADI_SOYADI], [EMAIL], [BASLIK], [ICERIK], [USERIP], [OLUSMA_ZAMANI]) VALUES (2, N'mehmet Ali', N'mehmet@hotmail.com', N'deneme2', N'deneme2 merhaba', N'::1', CAST(0x00009FBD015C76E1 AS DateTime))
SET IDENTITY_INSERT [dbo].[TBLBILDIRIMLER] OFF
SET ANSI_NULLS ON
GO
SET QUOTED_IDENTIFIER ON
GO
CREATE TABLE [dbo].[TBLBANKALAR](
	[ID] [int] IDENTITY(1,1) NOT NULL,
	[BANKA_ADI] [nvarchar](50) NULL,
	[KULLANICI_ADI] [nvarchar](20) NULL,
	[SIFRE] [nvarchar](20) NULL,
	[MAGAZA_NO] [nvarchar](20) NULL,
	[AKTIF] [smallint] NULL,
	[TAKSIT] [smallint] NULL,
	[HOST] [nvarchar](150) NULL,
 CONSTRAINT [PK_TBLBANKALAR] PRIMARY KEY CLUSTERED 
(
	[ID] ASC
)WITH (PAD_INDEX  = OFF, STATISTICS_NORECOMPUTE  = OFF, IGNORE_DUP_KEY = OFF, ALLOW_ROW_LOCKS  = ON, ALLOW_PAGE_LOCKS  = ON) ON [PRIMARY]
) ON [PRIMARY]
GO
SET IDENTITY_INSERT [dbo].[TBLBANKALAR] ON
INSERT [dbo].[TBLBANKALAR] ([ID], [BANKA_ADI], [KULLANICI_ADI], [SIFRE], [MAGAZA_NO], [AKTIF], [TAKSIT], [HOST]) VALUES (1, N'GüvenBank', N'aaa', N'123', N'0234', 1, 1, N'sanal')
INSERT [dbo].[TBLBANKALAR] ([ID], [BANKA_ADI], [KULLANICI_ADI], [SIFRE], [MAGAZA_NO], [AKTIF], [TAKSIT], [HOST]) VALUES (2, N'GiriþimBankasý', N'aaa', N'123', N'12', 1, 1, N'-')
SET IDENTITY_INSERT [dbo].[TBLBANKALAR] OFF
